,Source,Target
0,Super_4ong,Super_4ong
1,Super_4ong,胡萝卜的吉光片羽
2,Super_4ong,CCZHu_
3,CCZHu_,山崎耶耶子
4,Super_4ong,七福团子
5,七福团子,吐槽鬼
6,Super_4ong,Super_4ong
7,Super_4ong,患者阿离
8,Super_4ong,Super_4ong
9,Super_4ong,iDest
10,Super_4ong,钱门
11,钱门,钱门
12,钱门,铁柱基爸
13,铁柱基爸,穿袜子的秋裤
14,Super_4ong,Super_4ong
15,Super_4ong,七福团子
16,Super_4ong,互联网的那点事
17,互联网的那点事,成功的第一步_9653
18,Super_4ong,互联网的那点事
19,互联网的那点事,抽屉自助餐桌
20,Super_4ong,互联网的那点事
21,互联网的那点事,三木0081888
22,Super_4ong,互联网的那点事
23,互联网的那点事,城1市9猎8人8
24,Super_4ong,互联网的那点事
25,互联网的那点事,V1ncent-M
26,Super_4ong,互联网的那点事
27,互联网的那点事,勤劳的过江龙_539_855_398
28,Super_4ong,互联网的那点事
29,互联网的那点事,可爱海云依然
30,Super_4ong,互联网的那点事
31,互联网的那点事,非常清淡_740
32,Super_4ong,互联网的那点事
33,互联网的那点事,yuan-行_858
34,Super_4ong,互联网的那点事
35,互联网的那点事,脆弱的小几
36,Super_4ong,互联网的那点事
37,互联网的那点事,胡椒粉特惠价_1gt
38,Super_4ong,互联网的那点事
39,互联网的那点事,羊肉串王子基
40,Super_4ong,互联网的那点事
41,互联网的那点事,坂田甜栗子_600
42,Super_4ong,互联网的那点事
43,互联网的那点事,HZQ12341993
44,Super_4ong,互联网的那点事
45,互联网的那点事,1183e努力天天向上
46,Super_4ong,互联网的那点事
47,互联网的那点事,打尔文
48,Super_4ong,互联网的那点事
49,互联网的那点事,黑夜的一点烛光_584
50,Super_4ong,互联网的那点事
51,互联网的那点事,无间使者2613085145
52,Super_4ong,互联网的那点事
53,互联网的那点事,简单0度
54,Super_4ong,互联网的那点事
55,互联网的那点事,碧海蓝天xtr_686_566
56,Super_4ong,互联网的那点事
57,互联网的那点事,Ses-CC
58,Super_4ong,互联网的那点事
59,互联网的那点事,日式煎奶茶
60,Super_4ong,互联网的那点事
61,互联网的那点事,liyongaaaaaa_814
62,Super_4ong,互联网的那点事
63,互联网的那点事,_________鲁能成源
64,Super_4ong,互联网的那点事
65,互联网的那点事,呡口小酒_429
66,Super_4ong,互联网的那点事
67,互联网的那点事,欢乐小酒窝
68,Super_4ong,互联网的那点事
69,互联网的那点事,焦元潇_252
70,Super_4ong,互联网的那点事
71,互联网的那点事,不折不屈_179
72,Super_4ong,互联网的那点事
73,互联网的那点事,Hi小竹竹
74,Super_4ong,互联网的那点事
75,互联网的那点事,谨慎加细心
76,Super_4ong,互联网的那点事
77,互联网的那点事,yanweifh_9dc4f5
78,Super_4ong,互联网的那点事
79,互联网的那点事,黑猫警长_63327
80,Super_4ong,互联网的那点事
81,互联网的那点事,闲唠么
82,Super_4ong,互联网的那点事
83,互联网的那点事,欢乐的彩虹下的约定
84,Super_4ong,互联网的那点事
85,互联网的那点事,a席星慰
86,Super_4ong,互联网的那点事
87,互联网的那点事,沉默的心声说出来
88,Super_4ong,互联网的那点事
89,互联网的那点事,Lilian_ya
90,Super_4ong,互联网的那点事
91,互联网的那点事,愤怒的刁先生
92,Super_4ong,互联网的那点事
93,互联网的那点事,shuaikunsu
94,Super_4ong,互联网的那点事
95,互联网的那点事,地球没有雨季
96,Super_4ong,互联网的那点事
97,互联网的那点事,30小坏寕
98,Super_4ong,互联网的那点事
99,互联网的那点事,不是天使O
100,Super_4ong,互联网的那点事
101,互联网的那点事,蝴蝶的颜色2011
102,Super_4ong,Super_4ong
103,Super_4ong,胡萝卜的吉光片羽
104,胡萝卜的吉光片羽,夏目家的小诗哥
105,夏目家的小诗哥,颜文字君
106,颜文字君,如果社会平等
107,Super_4ong,互联网的那点事
108,互联网的那点事,cocososo男
109,Super_4ong,互联网的那点事
110,互联网的那点事,灬毕加索灬
111,Super_4ong,互联网的那点事
112,互联网的那点事,天空的暗--lly
113,Super_4ong,互联网的那点事
114,互联网的那点事,hi疾风劲草
115,Super_4ong,互联网的那点事
116,互联网的那点事,教师考录
117,Super_4ong,互联网的那点事
118,互联网的那点事,比比安娜TCL_604
119,Super_4ong,互联网的那点事
120,互联网的那点事,小毛齐
121,Super_4ong,互联网的那点事
122,互联网的那点事,蓝色腔调
123,Super_4ong,Super_4ong
124,Super_4ong,胡萝卜的吉光片羽
125,胡萝卜的吉光片羽,夏目家的小诗哥
126,夏目家的小诗哥,此人名曰狗血
127,此人名曰狗血,然后下面就没了
128,然后下面就没了,zhj10201221
129,Super_4ong,七福团子
130,七福团子,吐槽鬼
131,吐槽鬼,辣条娘
132,辣条娘,海阔天空C919
133,Super_4ong,七福团子
134,七福团子,吐槽鬼
135,吐槽鬼,辣条娘
136,辣条娘,自自在在风
137,Super_4ong,Super_4ong
138,Super_4ong,胡萝卜的吉光片羽
139,胡萝卜的吉光片羽,夏目家的小诗哥
140,夏目家的小诗哥,颜文字君
141,颜文字君,Keith嘜
142,Super_4ong,Super_4ong
143,Super_4ong,胡萝卜的吉光片羽
144,胡萝卜的吉光片羽,夏目家的小诗哥
145,夏目家的小诗哥,颜文字君
146,颜文字君,建安区政法委
147,Super_4ong,七福团子
148,七福团子,吐槽鬼
149,吐槽鬼,辣条娘
150,辣条娘,戴斯班克94106
151,Super_4ong,互联网的那点事
152,互联网的那点事,济南天健
153,Super_4ong,Super_4ong
154,Super_4ong,胡萝卜的吉光片羽
155,胡萝卜的吉光片羽,夏目家的小诗哥
156,夏目家的小诗哥,颜文字君
157,颜文字君,Destiny_44334
158,Super_4ong,互联网的那点事
159,互联网的那点事,晨曦_晨
160,Super_4ong,Super_4ong
161,Super_4ong,胡萝卜的吉光片羽
162,胡萝卜的吉光片羽,夏目家的小诗哥
163,夏目家的小诗哥,一地小猫
164,Super_4ong,Super_4ong
165,Super_4ong,胡萝卜的吉光片羽
166,胡萝卜的吉光片羽,夏目家的小诗哥
167,夏目家的小诗哥,将雪融化_423
168,Super_4ong,Super_4ong
169,Super_4ong,胡萝卜的吉光片羽
170,胡萝卜的吉光片羽,夏目家的小诗哥
171,夏目家的小诗哥,颜文字君
172,颜文字君,你说我要叫啥啊
173,Super_4ong,互联网的那点事
174,互联网的那点事,驴先生在路上
175,Super_4ong,Super_4ong
176,Super_4ong,胡萝卜的吉光片羽
177,胡萝卜的吉光片羽,夏目家的小诗哥
178,夏目家的小诗哥,靳家小笨
179,Super_4ong,Super_4ong
180,Super_4ong,胡萝卜的吉光片羽
181,胡萝卜的吉光片羽,夏目家的小诗哥
182,夏目家的小诗哥,颜文字君
183,颜文字君,深秋阳光jl
184,Super_4ong,互联网的那点事
185,互联网的那点事,Hey-Top
186,Super_4ong,Super_4ong
187,Super_4ong,胡萝卜的吉光片羽
188,胡萝卜的吉光片羽,夏目家的小诗哥
189,夏目家的小诗哥,颜文字君
190,颜文字君,猫咪爱时代
191,Super_4ong,Super_4ong
192,Super_4ong,胡萝卜的吉光片羽
193,胡萝卜的吉光片羽,夏目家的小诗哥
194,夏目家的小诗哥,颜文字君
195,颜文字君,天晴晴-地灵灵
196,Super_4ong,互联网的那点事
197,互联网的那点事,矇蒙猛孟
198,Super_4ong,Super_4ong
199,Super_4ong,胡萝卜的吉光片羽
200,胡萝卜的吉光片羽,夏目家的小诗哥
201,夏目家的小诗哥,此人名曰狗血
202,此人名曰狗血,然后下面就没了
203,然后下面就没了,Huipcn
204,Super_4ong,Super_4ong
205,Super_4ong,胡萝卜的吉光片羽
206,胡萝卜的吉光片羽,夏目家的小诗哥
207,夏目家的小诗哥,17k破万卷
208,Super_4ong,Super_4ong
209,Super_4ong,胡萝卜的吉光片羽
210,胡萝卜的吉光片羽,夏目家的小诗哥
211,夏目家的小诗哥,手机用户3261996612_338
212,Super_4ong,互联网的那点事
213,互联网的那点事,laoyao25
214,Super_4ong,互联网的那点事
215,互联网的那点事,婉恋遐恋微弱积
216,Super_4ong,Super_4ong
217,Super_4ong,胡萝卜的吉光片羽
218,胡萝卜的吉光片羽,夏目家的小诗哥
219,夏目家的小诗哥,david2567
220,Super_4ong,互联网的那点事
221,互联网的那点事,栢拉圖詠恆
222,Super_4ong,Super_4ong
223,Super_4ong,胡萝卜的吉光片羽
224,胡萝卜的吉光片羽,夏目家的小诗哥
225,夏目家的小诗哥,颜文字君
226,颜文字君,红冠王
227,Super_4ong,Super_4ong
228,Super_4ong,胡萝卜的吉光片羽
229,胡萝卜的吉光片羽,夏目家的小诗哥
230,夏目家的小诗哥,颜文字君
231,颜文字君,傻B_Matt
232,Super_4ong,鯊魚SAME
233,鯊魚SAME,不诗意芙拉
234,Super_4ong,七福团子
235,七福团子,吐槽鬼
236,吐槽鬼,辣条娘
237,辣条娘,mona166
238,Super_4ong,Super_4ong
239,Super_4ong,胡萝卜的吉光片羽
240,胡萝卜的吉光片羽,夏目家的小诗哥
241,夏目家的小诗哥,颜文字君
242,颜文字君,Ann抒曼
243,Super_4ong,Super_4ong
244,Super_4ong,胡萝卜的吉光片羽
245,胡萝卜的吉光片羽,夏目家的小诗哥
246,夏目家的小诗哥,seo-ing_118
247,Super_4ong,HenryMateo
248,HenryMateo,万山之峰
249,Super_4ong,钱门
250,钱门,钱门
251,钱门,铁柱基爸
252,铁柱基爸,穿袜子的秋裤
253,穿袜子的秋裤,万山之峰
254,Super_4ong,CCZHu_
255,CCZHu_,穿袜子的秋裤
256,穿袜子的秋裤,万山之峰
257,Super_4ong,CCZHu_
258,CCZHu_,穿袜子的秋裤
259,穿袜子的秋裤,万山之峰
260,Super_4ong,CCZHu_
261,CCZHu_,穿袜子的秋裤
262,穿袜子的秋裤,万山之峰
263,Super_4ong,穿袜子的秋裤
264,穿袜子的秋裤,万山之峰
265,Super_4ong,穿袜子的秋裤
266,穿袜子的秋裤,万山之峰
267,Super_4ong,魏盟奇
268,魏盟奇,曾玥霖
269,Super_4ong,yummy搜索美食小联盟
270,yummy搜索美食小联盟,厌学网民小周
271,Super_4ong,WJZQWYX
272,WJZQWYX,yujhb
273,Super_4ong,林莱莱呀
274,林莱莱呀,黑街小巷少年在i33173
275,Super_4ong,-CHENQ1UI
276,-CHENQ1UI,黑街小巷少年在i33173
277,Super_4ong,Super_4ong
278,Super_4ong,樹山觀
279,Super_4ong,白泽_MEOWMERS
280,白泽_MEOWMERS,磕药姬
281,磕药姬,连清_
282,连清_,停云云神智不清
283,停云云神智不清,祈荷不丧
284,祈荷不丧,_温念念_
285,Super_4ong,Super_4ong
286,Super_4ong,患者阿离
287,患者阿离,謾里风铃音
288,Super_4ong,Super_4ong
289,Super_4ong,患者阿离
290,患者阿离,栗子不闹
291,Super_4ong,林莱莱呀
292,林莱莱呀,杨淳龙
293,Super_4ong,Super_4ong
294,Super_4ong,患者阿离
295,患者阿离,被允许一年修改一次的普通用户
296,Super_4ong,寻离子
297,寻离子,林研吖
298,Super_4ong,林莱莱呀
299,林莱莱呀,palande85
300,Super_4ong,lololo1995
301,lololo1995,69之夏
302,Super_4ong,Super_4ong
303,Super_4ong,水叶祈
304,Super_4ong,林莱莱呀
305,林莱莱呀,喜欢花敏
306,Super_4ong,林莱莱呀
307,林莱莱呀,黄丽招呀
308,Super_4ong,illlili
309,illlili,山崎耶耶子
310,山崎耶耶子,山崎耶耶子
311,山崎耶耶子,苏苏君酱君酱
312,Super_4ong,互联网的那点事
313,互联网的那点事,国韭是我
314,国韭是我,shijin1
315,shijin1,Tina
316,Tina,小土豪拒绝吃土
317,小土豪拒绝吃土,只会放大的宙斯
318,Super_4ong,CCZHu_
319,CCZHu_,山崎耶耶子
320,山崎耶耶子,老朽兔兔要逆天
321,老朽兔兔要逆天,魔王顾小及
322,Super_4ong,Super_4ong
323,Super_4ong,胡萝卜的吉光片羽
324,胡萝卜的吉光片羽,夏目家的小诗哥
325,夏目家的小诗哥,此人名曰狗血
326,此人名曰狗血,何也sama
327,何也sama,臭臭神医
328,Super_4ong,Super_4ong
329,Super_4ong,nanp第一
330,Super_4ong,Super_4ong
331,Super_4ong,1yndonn3u努力学习
332,Super_4ong,CCZHu_
333,CCZHu_,山崎耶耶子
334,山崎耶耶子,糯米麦源片
335,糯米麦源片,爱德蒙厨
336,爱德蒙厨,吴二绿__默狛丶千年雨歇
337,吴二绿__默狛丶千年雨歇,夜阑_卧听风吹雨
338,夜阑_卧听风吹雨,原罪惡人-
339,原罪惡人-,角鲨柠檬烯
340,角鲨柠檬烯,鳴川_
341,鳴川_,不知名锁匠ouo
342,Super_4ong,林莱莱呀
343,林莱莱呀,笙歌xu
344,Super_4ong,白泽_MEOWMERS
345,白泽_MEOWMERS,磕药姬
346,磕药姬,连清_
347,连清_,停云云神智不清
348,停云云神智不清,长三哥是大好人
349,长三哥是大好人,溪初阳关
350,溪初阳关,黏了棵葱_KKia
351,黏了棵葱_KKia,一锅玄哥
352,一锅玄哥,最无敌最俊朗
353,Super_4ong,Super_4ong
354,Super_4ong,l鱼苗I
355,l鱼苗I,A小鬼N
356,Super_4ong,林莱莱呀
357,林莱莱呀,想当锦鲤的大饼
358,Super_4ong,CCZHu_
359,CCZHu_,山崎耶耶子
360,山崎耶耶子,胡歌歌梅长苏
361,Super_4ong,林莱莱呀
362,林莱莱呀,安琪拉ccc
363,Super_4ong,Super_4ong
364,Super_4ong,患者阿离
365,患者阿离,学会计的小夹子
366,Super_4ong,假酒烧
367,假酒烧,刘源er家的小媳妇
368,Super_4ong,穿袜子的秋裤
369,穿袜子的秋裤,庆启启庆点点
370,Super_4ong,林莱莱呀
371,林莱莱呀,致命友人吖
372,Super_4ong,山崎耶耶子
373,山崎耶耶子,小源香径独徘徊
374,Super_4ong,霜叶
375,霜叶,打奥特曼de小怪兽
376,打奥特曼de小怪兽,大连赵宇辰
377,Super_4ong,illlili
378,illlili,山崎耶耶子
379,山崎耶耶子,山崎耶耶子
380,山崎耶耶子,小糯米她姐
381,小糯米她姐,素沫沫沫沫沫沫
382,素沫沫沫沫沫沫,美妞杨
383,Super_4ong,illlili
384,illlili,山崎耶耶子
385,山崎耶耶子,山崎耶耶子
386,山崎耶耶子,小糯米她姐
387,小糯米她姐,素沫沫沫沫沫沫
388,Super_4ong,Super_4ong
389,Super_4ong,胡萝卜的吉光片羽
390,胡萝卜的吉光片羽,喝醉的猫_m
391,Super_4ong,illlili
392,illlili,山崎耶耶子
393,山崎耶耶子,山崎耶耶子
394,山崎耶耶子,兔沂
395,Super_4ong,CCZHu_
396,CCZHu_,山崎耶耶子
397,山崎耶耶子,源源源源义经
398,Super_4ong,娇柔媚骨
399,娇柔媚骨,娇柔媚骨
400,Super_4ong,Super_4ong
401,Super_4ong,贩卖仙气
402,Super_4ong,illlili
403,illlili,山崎耶耶子
404,山崎耶耶子,山崎耶耶子
405,山崎耶耶子,一个清鈺啊
406,Super_4ong,Super_4ong
407,Super_4ong,十景糕
408,十景糕,-是含骨呀-
409,-是含骨呀-,繁怅
410,繁怅,Toshirooo
411,Toshirooo,你辞
412,你辞,Atan16
413,Super_4ong,霜叶
414,霜叶,鮟鱇绥
415,Super_4ong,七福团子
416,七福团子,吐槽鬼
417,吐槽鬼,巴比龙swag-
418,Super_4ong,CCZHu_
419,CCZHu_,穿袜子的秋裤
420,穿袜子的秋裤,苟海友
421,Super_4ong,CCZHu_
422,CCZHu_,爱颜色不一样的烟火
423,Super_4ong,CCZHu_
424,CCZHu_,CCZHu_
425,CCZHu_,爱颜色不一样的烟火
426,Super_4ong,CCZHu_
427,CCZHu_,山崎耶耶子
428,山崎耶耶子,万旭势力-惜年
429,Super_4ong,山崎耶耶子
430,山崎耶耶子,酩酊浓茶
431,Super_4ong,CCZHu_
432,CCZHu_,山崎耶耶子
433,山崎耶耶子,被风吹过的姜柏拜的充满热情夏天
434,Super_4ong,Super_4ong
435,Super_4ong,我就是喜欢改名字你咬我啊
436,Super_4ong,CCZHu_
437,CCZHu_,LYX_____LYX
438,LYX_____LYX,Yuchunx1
439,Super_4ong,白泽_MEOWMERS
440,白泽_MEOWMERS,磕药姬
441,磕药姬,连清_
442,连清_,停云云神智不清
443,停云云神智不清,长三哥是大好人
444,长三哥是大好人,溪初阳关
445,溪初阳关,黏了棵葱_KKia
446,黏了棵葱_KKia,一锅玄哥
447,一锅玄哥,穆夫人_今年绝对不吃土
448,Super_4ong,-CHENQ1UI
449,-CHENQ1UI,LYX_____LYX
450,LYX_____LYX,妃玖丶
451,Super_4ong,平淡是真zzL
452,平淡是真zzL,ZHO_OKX
453,Super_4ong,白泽_MEOWMERS
454,白泽_MEOWMERS,锦衣小盆友
455,锦衣小盆友,白咕咕咕的老咸鱼
456,白咕咕咕的老咸鱼,五色食难噎
457,五色食难噎,遗失的安陵
458,遗失的安陵,冰阔落真快落
459,冰阔落真快落,曜石与CA症候群
460,Super_4ong,Super_4ong
461,Super_4ong,胡萝卜的吉光片羽
462,胡萝卜的吉光片羽,夏目家的小诗哥
463,夏目家的小诗哥,此人名曰狗血
464,此人名曰狗血,然后下面就没了
465,然后下面就没了,阅片无数的资深腐
466,Super_4ong,Super_4ong
467,Super_4ong,noSweetie
468,Super_4ong,CCZHu_
469,CCZHu_,山崎耶耶子
470,山崎耶耶子,朱一龙的小揪揪321
471,Super_4ong,CCZHu_
472,CCZHu_,山崎耶耶子
473,山崎耶耶子,小鹿死了h
474,Super_4ong,Super_4ong
475,Super_4ong,胡萝卜的吉光片羽
476,胡萝卜的吉光片羽,夏目家的小诗哥
477,夏目家的小诗哥,此人名曰狗血
478,此人名曰狗血,林小鱼C0306
479,Super_4ong,Super_4ong
480,Super_4ong,患者阿离
481,患者阿离,一一风荷举39
482,Super_4ong,CCZHu_
483,CCZHu_,山崎耶耶子
484,山崎耶耶子,泡沫茶妹
485,Super_4ong,林莱莱呀
486,林莱莱呀,染夕-惜缘
487,Super_4ong,CCZHu_
488,CCZHu_,山崎耶耶子
489,山崎耶耶子,jiojya
490,Super_4ong,CCZHu_
491,CCZHu_,山崎耶耶子
492,山崎耶耶子,strawberry-galaxy
493,Super_4ong,CCZHu_
494,CCZHu_,山崎耶耶子
495,山崎耶耶子,每天都想魂穿史强
496,Super_4ong,CCZHu_
497,CCZHu_,山崎耶耶子
498,山崎耶耶子,青衫戏子
499,Super_4ong,CCZHu_
500,CCZHu_,山崎耶耶子
501,山崎耶耶子,莫七寻
502,Super_4ong,白泽_MEOWMERS
503,白泽_MEOWMERS,远离纷争的小号
504,Super_4ong,豆豆-lin
505,豆豆-lin,馟靈二世
506,Super_4ong,白泽_MEOWMERS
507,白泽_MEOWMERS,Eternal_Kassy
508,Eternal_Kassy,Mr_风陵雅
509,Super_4ong,假酒烧
510,假酒烧,薄雾雾雾雾
511,Super_4ong,我是土豆哇
512,我是土豆哇,帕露露露
513,Super_4ong,林莱莱呀
514,林莱莱呀,六六六六浪
515,Super_4ong,Super_4ong
516,Super_4ong,不疯不寨主
517,不疯不寨主,轩辕狗剩是狗剩更是秋童啊QAQ
518,轩辕狗剩是狗剩更是秋童啊QAQ,苡眠眠眠
519,苡眠眠眠,的主场iyut
520,Super_4ong,CCZHu_
521,CCZHu_,山崎耶耶子
522,山崎耶耶子,九九TC
523,Super_4ong,七福团子
524,七福团子,吐槽鬼
525,吐槽鬼,昵称是马甲家的大学生
526,昵称是马甲家的大学生,Sheng萧
527,Sheng萧,我只嗑糖
528,我只嗑糖,Fy-深海
529,Super_4ong,Super_4ong
530,Super_4ong,胡萝卜的吉光片羽
531,胡萝卜的吉光片羽,夏目家的小诗哥
532,夏目家的小诗哥,颜文字君
533,颜文字君,哈哈哈一生码农
534,Super_4ong,七福团子
535,七福团子,吐槽鬼
536,吐槽鬼,昵称是马甲家的大学生
537,昵称是马甲家的大学生,肉肉Can
538,Super_4ong,Super_4ong
539,Super_4ong,陈烁烁烁烁烁烁烁烁烁烁烁烁烁
540,陈烁烁烁烁烁烁烁烁烁烁烁烁烁,ronghuanlove
541,Super_4ong,谭湘君Jjun
542,谭湘君Jjun,焚花入骨锦衣夜行
543,Super_4ong,qwq宫崎骏
544,qwq宫崎骏,qwq宫崎骏
545,Super_4ong,把酒临风浪味仙
546,把酒临风浪味仙,恋爱的犀牛hhh
547,Super_4ong,CCZHu_
548,CCZHu_,山崎耶耶子
549,山崎耶耶子,佳佳佳KimiQRLSeng
550,Super_4ong,白泽_MEOWMERS
551,白泽_MEOWMERS,磕药姬
552,磕药姬,连清_
553,连清_,停云云神智不清
554,停云云神智不清,长三哥是大好人
555,长三哥是大好人,溪初阳关
556,溪初阳关,黏了棵葱_KKia
557,黏了棵葱_KKia,一锅玄哥
558,一锅玄哥,榴莲披萨味的嗝
559,Super_4ong,白泽_MEOWMERS
560,白泽_MEOWMERS,磕药姬
561,磕药姬,连清_
562,连清_,停云云神智不清
563,停云云神智不清,长三哥是大好人
564,长三哥是大好人,查查查儿
565,查查查儿,玉米屹立在大地上
566,玉米屹立在大地上,兔耳草醛-A
567,兔耳草醛-A,CCHEE
568,CCHEE,雪绵绵
569,Super_4ong,CCZHu_
570,CCZHu_,山崎耶耶子
571,山崎耶耶子,盘思洞洞主
572,Super_4ong,-CHENQ1UI
573,-CHENQ1UI,哈喽看我吖
574,Super_4ong,白泽_MEOWMERS
575,白泽_MEOWMERS,磕药姬
576,磕药姬,停云云神智不清
577,停云云神智不清,长三哥是大好人
578,长三哥是大好人,查查查儿
579,查查查儿,玉米屹立在大地上
580,玉米屹立在大地上,兔耳草醛-A
581,兔耳草醛-A,CCHEE
582,CCHEE,灰硫
583,灰硫,小废物三点水
584,Super_4ong,CCZHu_
585,CCZHu_,山崎耶耶子
586,山崎耶耶子,布逆
587,Super_4ong,CCZHu_
588,CCZHu_,山崎耶耶子
589,山崎耶耶子,城外馒头
590,Super_4ong,诸暨之子
591,诸暨之子,舍也罢
592,Super_4ong,穿袜子的秋裤
593,穿袜子的秋裤,全球明星情侣照收集
594,Super_4ong,CCZHu_
595,CCZHu_,山崎耶耶子
596,山崎耶耶子,大西xxx
597,Super_4ong,石头-谭生
598,石头-谭生,萝北2012
599,Super_4ong,Super_4ong
600,Super_4ong,萝北2012
601,Super_4ong,CCZHu_
602,CCZHu_,山崎耶耶子
603,山崎耶耶子,单纯阳光的洗脚靓仔
604,Super_4ong,CCZHu_
605,CCZHu_,山崎耶耶子
606,山崎耶耶子,用户5873215987
607,Super_4ong,CCZHu_
608,CCZHu_,山崎耶耶子
609,山崎耶耶子,宇宙无敌超级大博主
610,Super_4ong,白泽_MEOWMERS
611,白泽_MEOWMERS,乳酸菌奶酪-
612,Super_4ong,穿袜子的秋裤
613,穿袜子的秋裤,永遠別嫌棄你從前的ID
614,Super_4ong,CCZHu_
615,CCZHu_,山崎耶耶子
616,山崎耶耶子,在你心里冒蓝火哒哒哒
617,Super_4ong,白泽_MEOWMERS
618,白泽_MEOWMERS,连清_
619,连清_,长三哥是大好人
620,长三哥是大好人,查查查儿
621,查查查儿,玉米屹立在大地上
622,玉米屹立在大地上,兔耳草醛-A
623,兔耳草醛-A,Sankurai_十一月夜樱吹雪
624,Sankurai_十一月夜樱吹雪,黑沚
625,黑沚,西汤圆_nest
626,Super_4ong,CCZHu_
627,CCZHu_,山崎耶耶子
628,山崎耶耶子,爱死刘昊然了啊
629,Super_4ong,CCZHu_
630,CCZHu_,山崎耶耶子
631,山崎耶耶子,Yan9rui_
632,Super_4ong,Super_4ong
633,Super_4ong,戒指柔情
634,Super_4ong,七福团子
635,七福团子,耀夜药业
636,耀夜药业,酒千千千
637,酒千千千,-音速山谷-
638,-音速山谷-,阡玉_君
639,阡玉_君,萧队土
640,Super_4ong,CCZHu_
641,CCZHu_,山崎耶耶子
642,山崎耶耶子,节旄尽落009
643,Super_4ong,Super_4ong
644,Super_4ong,患者阿离
645,患者阿离,周瑜要打小怪兽
646,Super_4ong,霜叶
647,霜叶,甜味奶哼
648,Super_4ong,Super_4ong
649,Super_4ong,橙哥哥呀
650,橙哥哥呀,睿智多金仔哥哥
651,睿智多金仔哥哥,徐叁叁聪明死了
652,徐叁叁聪明死了,sasasasa哈哈哈哈
653,sasasasa哈哈哈哈,非我良人不懂我心
654,Super_4ong,CCZHu_
655,CCZHu_,山崎耶耶子
656,山崎耶耶子,北海鹿七
657,Super_4ong,白泽_MEOWMERS
658,白泽_MEOWMERS,菜哥不瘦到110不改名
659,Super_4ong,CCZHu_
660,CCZHu_,山崎耶耶子
661,山崎耶耶子,颜控少女老花痴
662,Super_4ong,白泽_MEOWMERS
663,白泽_MEOWMERS,连清_
664,连清_,停云云神智不清
665,停云云神智不清,长三哥是大好人
666,长三哥是大好人,查查查儿
667,查查查儿,玉米屹立在大地上
668,玉米屹立在大地上,兔耳草醛-A
669,兔耳草醛-A,CCHEE
670,CCHEE,普通小狗
671,普通小狗,拾玖約秋
672,Super_4ong,CCZHu_
673,CCZHu_,山崎耶耶子
674,山崎耶耶子,bling闪亮姑
675,Super_4ong,豆豆-lin
676,豆豆-lin,一只特立独行的石榴
677,一只特立独行的石榴,SherlantPace
678,SherlantPace,shogogosho
679,Super_4ong,白泽_MEOWMERS
680,白泽_MEOWMERS,磕药姬
681,磕药姬,连清_
682,连清_,停云云神智不清
683,停云云神智不清,长三哥是大好人
684,长三哥是大好人,溪初阳关
685,溪初阳关,黏了棵葱_KKia
686,黏了棵葱_KKia,荼玉
687,荼玉,w看一只山w
688,Super_4ong,吴衣烦
689,吴衣烦,千唯墨城
690,Super_4ong,豆豆-lin
691,豆豆-lin,Ms_诸葛
692,Super_4ong,CCZHu_
693,CCZHu_,山崎耶耶子
694,山崎耶耶子,蔷玥玥玥
695,Super_4ong,七福团子
696,七福团子,每天淡定点
697,每天淡定点,这么懒是怎么回事
698,这么懒是怎么回事,异乡人Nnr
699,Super_4ong,illlili
700,illlili,山崎耶耶子
701,山崎耶耶子,山崎耶耶子
702,山崎耶耶子,国民第一女神经i
703,Super_4ong,白泽_MEOWMERS
704,白泽_MEOWMERS,磕药姬
705,磕药姬,连清_
706,连清_,停云云神智不清
707,停云云神智不清,长三哥是大好人
708,长三哥是大好人,溪初阳关
709,溪初阳关,黏了棵葱_KKia
710,黏了棵葱_KKia,一锅玄哥
711,一锅玄哥,凹迟
712,凹迟,BOBBY的紫色内内
713,BOBBY的紫色内内,彬咖丘
714,Super_4ong,CCZHu_
715,CCZHu_,山崎耶耶子
716,山崎耶耶子,奶萌奶萌的李易峰
717,奶萌奶萌的李易峰,溫言-yan
718,Super_4ong,CCZHu_
719,CCZHu_,山崎耶耶子
720,山崎耶耶子,仙味萧易
721,Super_4ong,CCZHu_
722,CCZHu_,山崎耶耶子
723,山崎耶耶子,奶萌奶萌的李易峰
724,Super_4ong,illlili
725,illlili,山崎耶耶子
726,山崎耶耶子,山崎耶耶子
727,山崎耶耶子,你怎么脸红了-_
728,Super_4ong,谭湘君Jjun
729,谭湘君Jjun,美纱玥纪子
730,Super_4ong,白泽_MEOWMERS
731,白泽_MEOWMERS,溪初阳关
732,溪初阳关,黏了棵葱_KKia
733,黏了棵葱_KKia,一锅玄哥
734,一锅玄哥,风乎舞雩是小灯
735,风乎舞雩是小灯,Eunxii-
736,Super_4ong,七福团子
737,七福团子,裂空桑
738,裂空桑,蔻蔻蔻蔻七不是寇
739,蔻蔻蔻蔻七不是寇,京本凌翼
740,京本凌翼,曜石与CA症候群
741,Super_4ong,CCZHu_
742,CCZHu_,山崎耶耶子
743,山崎耶耶子,Guowsssss
744,Super_4ong,白泽_MEOWMERS
745,白泽_MEOWMERS,连清_
746,连清_,长三哥是大好人
747,长三哥是大好人,溪初阳关
748,溪初阳关,黏了棵葱_KKia
749,黏了棵葱_KKia,一锅玄哥
750,一锅玄哥,篠原暁
751,篠原暁,Kiriku_4
752,Super_4ong,然后下面就没了
753,然后下面就没了,Yukyuk886
754,Yukyuk886,吃不胖的小5
755,吃不胖的小5,Ariney-八月札
756,Super_4ong,CCZHu_
757,CCZHu_,山崎耶耶子
758,山崎耶耶子,来一颗抹茶糖啊
759,Super_4ong,CCZHu_
760,CCZHu_,山崎耶耶子
761,山崎耶耶子,h_jyn
762,Super_4ong,Super_4ong
763,Super_4ong,阿布多瑞1
764,Super_4ong,豆豆-lin
765,豆豆-lin,一只特立独行的石榴
766,一只特立独行的石榴,SherlantPace
767,Super_4ong,包了个包了个包了个包
768,包了个包了个包了个包,沈教授的领针
769,沈教授的领针,白狐_吃掉那个冬菇
770,白狐_吃掉那个冬菇,鸡血冢_求逢考必过
771,鸡血冢_求逢考必过,冷血无情yuki酱
772,冷血无情yuki酱,终终终终黎Monica
773,Super_4ong,Super_4ong
774,Super_4ong,胡萝卜的吉光片羽
775,胡萝卜的吉光片羽,夏目家的小诗哥
776,夏目家的小诗哥,左买买买
777,Super_4ong,谭湘君Jjun
778,谭湘君Jjun,外星人PCS
779,Super_4ong,CCZHu_
780,CCZHu_,山崎耶耶子
781,山崎耶耶子,你的兔兔子
782,Super_4ong,CCZHu_
783,CCZHu_,山崎耶耶子
784,山崎耶耶子,chimmy的麻麻1217
785,Super_4ong,长岛妹妹
786,长岛妹妹,-烏--鴉-
787,Super_4ong,七福团子
788,七福团子,吐槽鬼
789,吐槽鬼,小盒的小海赫海呀
790,Super_4ong,CCZHu_
791,CCZHu_,山崎耶耶子
792,山崎耶耶子,陈WXUN
793,Super_4ong,霜叶
794,霜叶,陈WXUN
795,Super_4ong,CCZHu_
796,CCZHu_,山崎耶耶子
797,山崎耶耶子,陈WXUN
798,Super_4ong,Super_4ong
799,Super_4ong,吃了考拉好睡觉
800,吃了考拉好睡觉,秋山浅一
801,Super_4ong,Super_4ong
802,Super_4ong,芝士控-Solarion
803,芝士控-Solarion,可怕的是不知如何改名的P00L
804,可怕的是不知如何改名的P00L,阿拆_andune
805,Super_4ong,玩亚索没妈妈
806,玩亚索没妈妈,奥利奥牛奶芝士
807,奥利奥牛奶芝士,StruggleForReal
808,Super_4ong,Super_4ong
809,Super_4ong,佛不跳墙我跳啊
810,佛不跳墙我跳啊,薄荷时醉
811,薄荷时醉,辣条里面要放辣椒mio
812,Super_4ong,Super_4ong
813,Super_4ong,yee17487
814,Super_4ong,Super_4ong
815,Super_4ong,胡萝卜的吉光片羽
816,胡萝卜的吉光片羽,羊腰子666
817,Super_4ong,我的个天儿
818,我的个天儿,青青_子衿丶
819,Super_4ong,穿袜子的秋裤
820,穿袜子的秋裤,I-Ask
821,Super_4ong,Super_4ong
822,Super_4ong,胡萝卜的吉光片羽
823,胡萝卜的吉光片羽,寓言Yan
824,Super_4ong,理科男Tad
825,理科男Tad,江洋dei
826,Super_4ong,白泽_MEOWMERS
827,白泽_MEOWMERS,停云云神智不清
828,停云云神智不清,长三哥是大好人
829,长三哥是大好人,溪初阳关
830,溪初阳关,黏了棵葱_KKia
831,黏了棵葱_KKia,一锅玄哥
832,一锅玄哥,吾本羸弱
833,Super_4ong,互联网的那点事
834,互联网的那点事,快乐人生_200005
835,Super_4ong,白泽_MEOWMERS
836,白泽_MEOWMERS,双子座的我是女生1981
837,Super_4ong,阿舟阿船
838,阿舟阿船,胡斐-戊午
839,胡斐-戊午,郝万智
840,郝万智,胡斐-戊午
841,胡斐-戊午,面向春暖花开的地方
842,Super_4ong,阿舟阿船
843,阿舟阿船,胡斐-戊午
844,胡斐-戊午,郝万智
845,郝万智,胡斐-戊午
846,胡斐-戊午,柳叶青9818
847,Super_4ong,Super_4ong
848,Super_4ong,患者阿离
849,患者阿离,璇玑X魁
850,Super_4ong,白泽_MEOWMERS
851,白泽_MEOWMERS,磕药姬
852,磕药姬,连清_
853,连清_,停云云神智不清
854,停云云神智不清,长三哥是大好人
855,长三哥是大好人,溪初阳关
856,溪初阳关,十年一刻离人悲
857,Super_4ong,CCZHu_
858,CCZHu_,吴衣烦
859,吴衣烦,数学超级棒的lylyf
860,Super_4ong,林莱莱呀
861,林莱莱呀,数学超级棒的lylyf
862,Super_4ong,芋圆不加糖
863,芋圆不加糖,成成要赶上易先生
864,Super_4ong,Super_4ong
865,Super_4ong,患者阿离
866,患者阿离,阳笛尽
867,Super_4ong,CCZHu_
868,CCZHu_,山崎耶耶子
869,山崎耶耶子,秦枳-
870,Super_4ong,钱门
871,钱门,钱门
872,钱门,铁柱基爸
873,铁柱基爸,穿袜子的秋裤
874,穿袜子的秋裤,开开开开开开粉
875,Super_4ong,CCZHu_
876,CCZHu_,山崎耶耶子
877,山崎耶耶子,小南鸽-
878,Super_4ong,阿舟阿船
879,阿舟阿船,胡斐-戊午
880,胡斐-戊午,郝万智
881,郝万智,胡斐-戊午
882,胡斐-戊午,佳又巴
883,Super_4ong,Super_4ong
884,Super_4ong,胡萝卜的吉光片羽
885,胡萝卜的吉光片羽,夏目家的小诗哥
886,夏目家的小诗哥,来杯奶绿少糖加珍珠
887,Super_4ong,钱门
888,钱门,钱门
889,钱门,铁柱基爸
890,铁柱基爸,穿袜子的秋裤
891,穿袜子的秋裤,牙医钟声
892,牙医钟声,不良老猫
893,Super_4ong,跑题跑题
894,跑题跑题,陈糯米的铲屎官
895,Super_4ong,Super_4ong
896,Super_4ong,暴躁菀
897,暴躁菀,青山与花蕊
898,青山与花蕊,酷囊
899,酷囊,安迪紧张時会喝水
900,安迪紧张時会喝水,你看起来真甜_
901,Super_4ong,白泽_MEOWMERS
902,白泽_MEOWMERS,磕药姬
903,磕药姬,连清_
904,连清_,停云云神智不清
905,停云云神智不清,长三哥是大好人
906,长三哥是大好人,查查查儿
907,查查查儿,道下一三_摊位号见置顶
908,道下一三_摊位号见置顶,吉某_某光
909,吉某_某光,金头鹅哈鲁鲁
910,Super_4ong,Super_4ong
911,Super_4ong,暴躁菀
912,暴躁菀,青山与花蕊
913,青山与花蕊,酷囊
914,酷囊,安迪紧张時会喝水
915,Super_4ong,七福团子
916,七福团子,吐槽鬼
917,吐槽鬼,昵称是马甲家的大学生
918,昵称是马甲家的大学生,秦祎墨
919,秦祎墨,糕欢喜_
920,糕欢喜_,鏟毛毛毛
921,Super_4ong,Super_4ong
922,Super_4ong,胡萝卜的吉光片羽
923,胡萝卜的吉光片羽,夏目家的小诗哥
924,夏目家的小诗哥,此人名曰狗血
925,此人名曰狗血,秋田六千
926,秋田六千,家内手工曲
927,Super_4ong,Super_4ong
928,Super_4ong,暴躁菀
929,暴躁菀,青山与花蕊
930,青山与花蕊,酷囊
931,Super_4ong,-宇宙超级无敌美少女--
932,-宇宙超级无敌美少女--,蓝蓝蓝蓝蓝培培
933,Super_4ong,白泽_MEOWMERS
934,白泽_MEOWMERS,Eternal_Kassy
935,Eternal_Kassy,不懂事长lininin
936,Super_4ong,飞红巾2012
937,飞红巾2012,不懂事长lininin
938,Super_4ong,白泽_MEOWMERS
939,白泽_MEOWMERS,磕药姬
940,磕药姬,连清_
941,连清_,停云云神智不清
942,停云云神智不清,长三哥是大好人
943,长三哥是大好人,查查查儿
944,查查查儿,玉米屹立在大地上
945,玉米屹立在大地上,兔耳草醛-A
946,兔耳草醛-A,CCHEE
947,CCHEE,-上原teki-
948,-上原teki-,Crow一动不动
949,Super_4ong,豆豆-lin
950,豆豆-lin,棋子XD
951,Super_4ong,林莱莱呀
952,林莱莱呀,神明是姿
953,Super_4ong,白泽_MEOWMERS
954,白泽_MEOWMERS,锦衣小盆友
955,锦衣小盆友,九呓呓
956,Super_4ong,Super_4ong
957,Super_4ong,患者阿离
958,患者阿离,一只无常
959,一只无常,一只缺乏常识的挂件
960,Super_4ong,Super_4ong
961,Super_4ong,啾满呀
962,Super_4ong,Super_4ong
963,Super_4ong,Kento_jma
964,Kento_jma,茶包甜度超标
965,茶包甜度超标,-阿水吃桃-
966,-阿水吃桃-,hy2啊
967,hy2啊,蛋白橘子醬_Chocoicy
968,蛋白橘子醬_Chocoicy,小白乖咪_渣男比尔海顿
969,小白乖咪_渣男比尔海顿,敲钟人-
970,敲钟人-,国际注册铲屎官
971,Super_4ong,illlili
972,illlili,山崎耶耶子
973,山崎耶耶子,山崎耶耶子
974,山崎耶耶子,那个茶叶罐儿
975,那个茶叶罐儿,水你妹的冰月
976,Super_4ong,Super_4ong
977,Super_4ong,用户6657724736
978,Super_4ong,白泽_MEOWMERS
979,白泽_MEOWMERS,磕药姬
980,磕药姬,连清_
981,连清_,停云云神智不清
982,停云云神智不清,长三哥是大好人
983,长三哥是大好人,溪初阳关
984,溪初阳关,黏了棵葱_KKia
985,黏了棵葱_KKia,一锅玄哥
986,一锅玄哥,凹迟
987,凹迟,BOBBY的紫色内内
988,Super_4ong,Super_4ong
989,Super_4ong,北方机械制造生产联合体
990,北方机械制造生产联合体,注册个号真费事
991,Super_4ong,Super_4ong
992,Super_4ong,橙哥哥呀
993,橙哥哥呀,睿智多金仔哥哥
994,睿智多金仔哥哥,小马甲585
995,Super_4ong,白泽_MEOWMERS
996,白泽_MEOWMERS,长三哥是大好人
997,长三哥是大好人,查查查儿
998,查查查儿,玉米屹立在大地上
999,玉米屹立在大地上,兔耳草醛-A
1000,兔耳草醛-A,CCHEE
1001,CCHEE,普通小狗
1002,普通小狗,百済木黒
1003,百済木黒,苏小茜就是我吖
1004,Super_4ong,N花无缺
1005,N花无缺,妹妹坐船头要靠谱
1006,Super_4ong,illlili
1007,illlili,山崎耶耶子
1008,山崎耶耶子,山崎耶耶子
1009,山崎耶耶子,那个茶叶罐儿
1010,Super_4ong,Super_4ong
1011,Super_4ong,胡萝卜的吉光片羽
1012,胡萝卜的吉光片羽,夏目家的小诗哥
1013,夏目家的小诗哥,此人名曰狗血
1014,此人名曰狗血,秋田六千
1015,秋田六千,有人叫我小星星小星星
1016,Super_4ong,Super_4ong
1017,Super_4ong,患者阿离
1018,患者阿离,苦荞清心茶
1019,Super_4ong,Super_4ong
1020,Super_4ong,患者阿离
1021,患者阿离,白河shiragawa
1022,Super_4ong,Super_4ong
1023,Super_4ong,用户6448766552
1024,Super_4ong,谭湘君Jjun
1025,谭湘君Jjun,Lee_JunHyun
1026,Super_4ong,Super_4ong
1027,Super_4ong,胡萝卜的吉光片羽
1028,胡萝卜的吉光片羽,夏目家的小诗哥
1029,夏目家的小诗哥,Ta是太阳暖我心房
1030,Super_4ong,CCZHu_
1031,CCZHu_,山崎耶耶子
1032,山崎耶耶子,懵逼的TNF
1033,懵逼的TNF,橘子皮橘子吃
1034,Super_4ong,白泽_MEOWMERS
1035,白泽_MEOWMERS,磕药姬
1036,磕药姬,连清_
1037,连清_,停云云神智不清
1038,停云云神智不清,溪初阳关
1039,溪初阳关,黏了棵葱_KKia
1040,黏了棵葱_KKia,一锅玄哥
1041,一锅玄哥,黑团子团红团子
1042,Super_4ong,钱门
1043,钱门,钱门
1044,钱门,铁柱基爸
1045,铁柱基爸,穿袜子的秋裤
1046,穿袜子的秋裤,苏杉儿_
1047,Super_4ong,白泽_MEOWMERS
1048,白泽_MEOWMERS,把肉肉减掉吧
1049,Super_4ong,互联网的那点事
1050,互联网的那点事,我想紧紧抱住你
1051,Super_4ong,谭湘君Jjun
1052,谭湘君Jjun,余弦暮昭
1053,Super_4ong,N花无缺
1054,N花无缺,周玥琅-爱莲
1055,Super_4ong,Super_4ong
1056,Super_4ong,用户6375430194
1057,Super_4ong,钱门
1058,钱门,钱门
1059,钱门,铁柱基爸
1060,铁柱基爸,穿袜子的秋裤
1061,穿袜子的秋裤,一般的码片而已
1062,Super_4ong,Super_4ong
1063,Super_4ong,患者阿离
1064,患者阿离,太虚观最菜道长江小离
1065,Super_4ong,像一只猫咪一样生活
1066,像一只猫咪一样生活,今潮昨汐
1067,Super_4ong,Super_4ong
1068,Super_4ong,羡慕你的大长腿
1069,Super_4ong,白泽_MEOWMERS
1070,白泽_MEOWMERS,磕药姬
1071,磕药姬,连清_
1072,连清_,停云云神智不清
1073,停云云神智不清,长三哥是大好人
1074,长三哥是大好人,溪初阳关
1075,溪初阳关,黏了棵葱_KKia
1076,黏了棵葱_KKia,一锅玄哥
1077,一锅玄哥,篠原暁
1078,Super_4ong,Super_4ong
1079,Super_4ong,患者阿离
1080,患者阿离,生丶尽欢
1081,Super_4ong,白泽_MEOWMERS
1082,白泽_MEOWMERS,磕药姬
1083,磕药姬,连清_
1084,连清_,停云云神智不清
1085,停云云神智不清,长三哥是大好人
1086,长三哥是大好人,查查查儿
1087,查查查儿,玉米屹立在大地上
1088,玉米屹立在大地上,李小花的日常wink
1089,Super_4ong,诗六页
1090,诗六页,用户5892463682
1091,Super_4ong,Super_4ong
1092,Super_4ong,用户h9ffakav7f
1093,Super_4ong,小叶随风飘远了
1094,小叶随风飘远了,知足常乐coolboy2003
1095,Super_4ong,N花无缺
1096,N花无缺,知足常乐coolboy2003
1097,Super_4ong,Super_4ong
1098,Super_4ong,嗳76049
1099,Super_4ong,Super_4ong
1100,Super_4ong,患者阿离
1101,患者阿离,你是哪块小阔爱
1102,Super_4ong,CCZHu_
1103,CCZHu_,山崎耶耶子
1104,山崎耶耶子,四野哑舍
1105,Super_4ong,焦糖烤小me
1106,焦糖烤小me,我鲁迅每天都在刀尖上跳舞
1107,Super_4ong,CCZHu_
1108,CCZHu_,山崎耶耶子
1109,山崎耶耶子,是仪不是怡-
1110,Super_4ong,七福团子
1111,七福团子,吐槽鬼
1112,吐槽鬼,四包叔叔
1113,四包叔叔,来一大碗康师傅
1114,来一大碗康师傅,噫噫噫壹妖痕
1115,Super_4ong,谭湘君Jjun
1116,谭湘君Jjun,野猫猫猫k
1117,Super_4ong,七录尔_
1118,七录尔_,小豆梓月月
1119,Super_4ong,白泽_MEOWMERS
1120,白泽_MEOWMERS,磕药姬
1121,磕药姬,连清_
1122,连清_,长三哥是大好人
1123,长三哥是大好人,溪初阳关
1124,溪初阳关,黏了棵葱_KKia
1125,黏了棵葱_KKia,_翘班迟到
1126,Super_4ong,夏目家的小诗哥
1127,夏目家的小诗哥,韩冬咚咚咚冬
1128,Super_4ong,CCZHu_
1129,CCZHu_,山崎耶耶子
1130,山崎耶耶子,一般的码片而已
1131,Super_4ong,谭湘君Jjun
1132,谭湘君Jjun,三鱼zy
1133,三鱼zy,抿嘴狂魔_Mr_Huangdabiao
1134,Super_4ong,Super_4ong
1135,Super_4ong,患者阿离
1136,患者阿离,自我矛盾重度患者
1137,Super_4ong,Super_4ong
1138,Super_4ong,iDest
1139,iDest,SAIMEFREE
1140,Super_4ong,CCZHu_
1141,CCZHu_,山崎耶耶子
1142,山崎耶耶子,二月绿1007
1143,Super_4ong,谭湘君Jjun
1144,谭湘君Jjun,是仙女儿君的nana呀
1145,Super_4ong,1874zzs
1146,1874zzs,1874zzs
1147,Super_4ong,Super_4ong
1148,Super_4ong,今天被丐帮墩了吗
1149,Super_4ong,CCZHu_
1150,CCZHu_,山崎耶耶子
1151,山崎耶耶子,桃子幺幺_
1152,Super_4ong,Super_4ong
1153,Super_4ong,iDest
1154,iDest,养姬场姬头
1155,养姬场姬头,JKED
1156,Super_4ong,谭湘君Jjun
1157,谭湘君Jjun,嘻我有秘密要告诉你
1158,Super_4ong,子望_cute
1159,子望_cute,小咪兔6400307567
1160,Super_4ong,Super_4ong
1161,Super_4ong,482649374change
1162,Super_4ong,Super_4ong
1163,Super_4ong,ChoiszeLaw
1164,Super_4ong,illlili
1165,illlili,山崎耶耶子
1166,山崎耶耶子,山崎耶耶子
1167,山崎耶耶子,Korinaa
1168,Super_4ong,六娃-爷爷回家了
1169,六娃-爷爷回家了,是啊衡呀
1170,Super_4ong,Super_4ong
1171,Super_4ong,此人名曰狗血
1172,此人名曰狗血,然后下面就没了
1173,然后下面就没了,手游戏精
1174,手游戏精,怎么还不来抱我
1175,Super_4ong,霜叶
1176,霜叶,Asariel_Dreemurr
1177,Asariel_Dreemurr,舟人夜语
1178,舟人夜语,阿雷西欧的仙女教母
1179,阿雷西欧的仙女教母,鬼寂渴望抽到狛爵
1180,鬼寂渴望抽到狛爵,咸鱼王的仙途
1181,Super_4ong,Super_4ong
1182,Super_4ong,夏目家的小诗哥
1183,夏目家的小诗哥,单推我雪入坑深似海的源源
1184,单推我雪入坑深似海的源源,Nexus--柏木由纪一生推
